#counter ; numSamples ; MEAN; VAR; STD; CVAR; MIN; MAX;alpha;tz(1-alpha/2);lowerBound;upperBound;maxRelErr;maxAbsErr
Mean of Batches belowrelativeErrorCounterBatchMeans;34;88.85437058823533;142.54428727607328;11.9391912320757;0.1343680806361651;58.4076;105.6037;0.05;2.0336;84.68616408791719;;93.02257708855346;0.04921945096002807;4.168206500318131
Mean of Samples with rel. error belowrelativeErrorCounterBatchMeans;340;88.85437058823533;144.88532376786003;12.03683196559045;0.1354669656191811;57.027;109.19;0.05;1.9839942394239425;87.55924122039178;;90.14949995607887;0.014791464039570898;1.295129367843539
Batch Mean below rel. error threshold;0;0.0;0.0;0.0;0.0;Infinity;-Infinity;0.05;0.0;NaN;;NaN;Infinity;NaN
